Token name,English,Italian,Turkish
TODAYS_MWE,Today's Idiom,Modo di dire del giorno,GÃ¼nÃ¼n Deyimi
SUBMIT,Submit,Suggerisci,Ã–rnek gÃ¶nder
REVIEW,Review,Valuta,Ã–rnekleri oyla
CHANGE_LANGUAGE,Change language,Cambia lingua,Dili deÄŸiÅŸtir
SHOW_SCOREBOARD,Show Scoreboard,Mostra la classifica,SÄ±ralamalarÄ± gÃ¶ster
LANGUAGE_ENGLISH,English (EN) ğŸ‡¬ğŸ‡§,Inglese (EN) ğŸ‡¬ğŸ‡§,English (EN) ğŸ‡¬ğŸ‡§
LANGUAGE_TURKISH,TÃ¼rkÃ§e (TR) ğŸ‡¹ğŸ‡·,Turco (TR) ğŸ‡¹ğŸ‡·,TÃ¼rkÃ§e (TR) ğŸ‡¹ğŸ‡·
LANGUAGE_ITALIAN,Italian (IT) ğŸ‡®ğŸ‡¹,Italiano (IT) ğŸ‡®ğŸ‡¹,Ä°talyanca (IT) ğŸ‡®ğŸ‡¹
TODAYS_MWE_REPLY_TEXT,"Today's idiom is '<b><u>%s</u></b>', meaning: <i>%s</i>","Il modo di dire di oggi Ã¨  '<b><u>%s</u></b>', che significa: <i>%s</i>","GÃ¼nÃ¼n deyimi '<b><u>%s</u></b>', anlamÄ± da: <i>%s</i>"
SELECT_LANGUAGE,Please select a language,Seleziona la lingua,LÃ¼tfen bir dil seÃ§in.
LANGUAGE_CHANGE_SUCCESSFUL,Language set to *English*.,La lingua Ã¨ *italiano*.,Dil *TÃ¼rkÃ§e* olarak ayarlandÄ±.
PLEASE_SELECT_VALID_LANGUAGE,Please select a valid language,Seleziona una lingua valida,LÃ¼tfen geÃ§erli bir dil seÃ§in.
WELCOME_MESSAGE,"Welcome to Dodiom, *%s*","Benvenuti in Dodiom, *%s*","Dodiom'a hoÅŸgeldiniz, *%s*"
PLEASE_ENTER_EXAMPLE,Please enter an example sentence containing the words '<b><u>%s</u></b>'.,Inserisci una frase di esempio che contiene le parole <b><u>%s</u></b>'.,LÃ¼tfen '%s' sÃ¶zcÃ¼klerini  iÃ§eren Ã¶rnek bir cÃ¼mle girin.
ENTER_VALID_MWE_CATEGORY,Please select a valid category,Seleziona una categoria valida,LÃ¼tfen geÃ§erli bir kategori seÃ§in
THANKS_FOR_SUBMISSION,%s! Thank you for your submission! You'll earn %d points every time someone likes your example.,"%s! Grazie per il tuo suggerimento, guadagnerai %d punti ogni volta che a qualcuno piace il tuo esempio.","%s! GÃ¶nderiniz iÃ§in teÅŸekkÃ¼rler, baÅŸka bir oyuncu gÃ¶nderinizi her beÄŸendiÄŸinde %d puan kazanacaksÄ±nÄ±z."
AGREE_NICE_EXAMPLE,ğŸ‘ I agree. Nice example,"ğŸ‘ Bell'esempio, mi piace.",ğŸ‘ KatÄ±lÄ±yorum. DoÄŸru tespit.
DO_NOT_LIKE_EXAMPLE,ğŸ‘ I do not like this example,ğŸ‘ Questo esempio non mi piace,ğŸ‘ Bu Ã¶rneÄŸi beÄŸenmedim.
SKIP_THIS_ONE,â­ Skip this one,â­ Salta questo esempio,â­ Bu Ã¶rneÄŸi geÃ§
QUIT_REVIEWING,ğŸ˜± Quit reviewing,ğŸ˜± Abbandona la valutazione,ğŸ˜± Ä°ncelemeyi bitir
SOMEONE_LOVED_YOUR_EXAMPLE,%s! A fellow player liked your example! Check your new place on the scoreboard.,%s! I tuoi esempi piacciono. Controlla il tuo punteggio sulla classifica,%s! Ã–rneklerin ÅŸu anda beÄŸeni alÄ±yor. SÄ±ralamalardaki yeni yerini merak etmiyor musun?
PLEASE_ENTER_VALID_REVIEW,Please enter a valid review,Inserisci una valutazione valida,LÃ¼tfen geÃ§erli bir inceleme seÃ§in
TOP_FIVE_USERS,Here are today's top 5 players:\n,Ecco i 5 giocatori top di oggi:\n,Ä°ÅŸte bugÃ¼nÃ¼n ilk beÅŸi:\n
NO_SUBMISSIONS,That's all the examples we have for you to review right now.,Non ci sono altri esempi da valutare.,Åu anda oylayabileceÄŸin baÅŸka Ã¶rnek yok.
ENTER_VALID_COMMAND,Please enter a valid command,Inserisci un comando valido,LÃ¼tfen geÃ§erli bir komut girin.
SUBMISSION_DOES_NOT_CONTAIN_MWE,"It looks like your submission does not contain the words (*%s*), please enter again.","Sembra che il tuo suggerimento non contenga le parole (*%s*), inserisci un nuovo esempio.","Ã–yle gÃ¶rÃ¼nÃ¼yor ki girdiÄŸin Ã¶rnekte (*%s*) sÃ¶zcÃ¼kleri bulunmamakta, lÃ¼tfen tekrar gir."
CANCEL,Cancel,Cancella,Ä°ptal
REVIEW_CANCELLED,Thank you for your reviews.,Grazie per le tue valutazioni,Ä°ncelemeleriniz iÃ§in teÅŸekkÃ¼rler.
HELP,Help,Aiuto,YardÄ±m
HELP_MESSAGE,"Hello ğŸ˜Š

Dodo is trying to learn English, but has a hard time learning English idioms. Could you help him? We ask you to give Dodo plenty of examples, to understand how people use idioms in their daily speech.

Dodo needs lots of  idiom and non-idiom examples.
For example, to learn the idiom ""give up""\nhe needs an idiom example such as ""Ok, I give up now."" \nand a non-idiom example such as ""Can you give that book up to me?""","Ciao ğŸ˜Š
Dodo sta imparando l'italiano, ma Ã¨ difficile imparare i modi di dire. Lo puoi aiutare? Ti chiediamo di fornire a Dodo molti esempi per capire come vengono usati i modi di dire. 

A Dodo servono molti esempi di modi di dire italiani e di frasi in cui le stesse espressioni non sono usate come modi di dire ma nei loro significati letterali. Per esempio per imparare l'espressione  ""prendere\n all'amo"" ha bisogno di un esempio idiomatico come ""Sa \n come prendere all'amo il suo capo"" e un esempio non idiomatico come ""Ha preso\n all'amo una bella trota.""","Merhaba ğŸ˜Š 

Dodo TÃ¼rkÃ§e Ã¶ÄŸrenmeye Ã§alÄ±ÅŸÄ±yor ancak TÃ¼rkÃ§e deyimleri Ã¶ÄŸrenmekte Ã§ok zorlanÄ±yor. 
Ona yardÄ±m eder misin? Senden ricamÄ±z Dodoâ€™ya deyimlerin nasÄ±l kullanÄ±ldÄ±ÄŸÄ±nÄ± anlamasÄ± iÃ§in ona bol bol Ã¶rnek vermen. 

Dodoâ€™nun deyim olan ve olmayan pek Ã§ok Ã¶rneÄŸe ihtiyacÄ± var.
Mesela â€œayvayÄ± yemekâ€ deyimini Ã¶ÄŸrenmesi iÃ§in 
â€œÄ°ÅŸte ÅŸimdi ayvayÄ± yedik.â€ deyim Ã¶rneÄŸi ve
â€œAz Ã¶nce iki ayva yedim.â€ deyim olmayan Ã¶rneÄŸi olabilir.

Hadi hemen Dodoâ€™ya yardÄ±ma baÅŸla."
DOES_WORDS_FORM_SPECIAL_MEANING,Are the words <b><u>%s</u></b> used together as an idiom in this example?,"In questo esempio, le parole <b><u>%s</u></b> sono usate insieme in un modo di dire?",<b><u>%s</u></b> sÃ¶zcÃ¼kleri bu Ã¶rnekte birlikte deyim olarak kullanÄ±lÄ±yor mu?
FORMS_SPECIAL_MEANING,"Yes, they are.","SÃ¬, certo!",Evet
DOES_NOT_FORM_SPECIAL_MEANING,Nope,"No, per niente!",HayÄ±r
AND,and,e ,ve
REVIEW_QUESTION_POSITIVE,"In the sentence: \n\n%s\n\nDodo was told that the words <b><u>%s</u></b> are used together as an idiom âœ”ï¸, would you agree?","In questa frase: \n\n%s\n\n hanno detto  a Dodo che le parole <b><u>%s</u></b> vengono usate insieme con un significato idiomatico âœ”ï¸, sei d'accordo?","%s\n\nCÃ¼mlesinde %s sÃ¶zcÃ¼kleri birlikte deyim olarak kullanÄ±lÄ±yor âœ”ï¸ denmiÅŸ, buna katÄ±lÄ±yor musunuz?"
REVIEW_QUESTION_NEGATIVE,"In the sentence: %s\n\nIt's said that words %s are <b><u>NOT</u></b> used together as an idiomâŒ, would you agree?","In questa frase: %s\n\nsi dice che le  parole %s  <b><u>NON </u></b> sono usate insieme con un significato idiomaticoâŒ, sei d'accordo?","%s\n\nCÃ¼mlesinde %s sÃ¶zcÃ¼kleri birlikte deyim olarak <b><u>KULLANILMIYOR</u></b>âŒ denmiÅŸ, buna katÄ±lÄ±yor musunuz?"
PLEASE_ENTER_ONE_SENTENCE,Your submission contains %d sentences. Please enter just one sentence.,"La tua proposta contiene %d frasi, inserisci solo una frase.","GÃ¶nderiniz %d cÃ¼mle iÃ§eriyor, lÃ¼tfen sadece bir cÃ¼mle girin."
FEEDBACK,Send Feedback,Manda un feedback,Geri bildirim gÃ¶nder
FEEDBACK_MESSAGE,Thank you for your interest! You can send a feedback using the following link.,"Grazie per il tuo interesse, puoi inviare un feedback usando il link seguente","Ä°lginiz iÃ§in teÅŸekkÃ¼rler, geri bildirim yapmak iÃ§in aÅŸaÄŸÄ±daki linki kullanabilirsiniz."
FEEDBACK_URL,https://docs.google.com/forms/d/e/1FAIpQLSdLLHB0DyGI_7piMq1WESPWk5wZGfe3knMFnMw3b0-GgBU3-Q/viewform?usp=pp_url&entry.1179483000=%s,,https://docs.google.com/forms/d/e/1FAIpQLSdLLHB0DyGI_7piMq1WESPWk5wZGfe3knMFnMw3b0-GgBU3-Q/viewform?usp=pp_url&entry.1179483000=%s
YOU,You,Tu,Sen
GAME_HOURS_FINISHED,Today's game has ended. The new game will start at %d am UTC.,"Il gioco di oggi Ã¨ terminato, il nuovo gioco inizierÃ  alle %d di mattina","Oyun bugÃ¼nlÃ¼k bitti, yeni gÃ¼nÃ¼n oyunu saat %d'da tekrar baÅŸlayacak."
GAME_STARTED,Good morning! Dodo has started a new game.,Buon giorno! Un nuovo gioco Ã¨ iniziato.,"GÃ¼naydÄ±n, yeni oyun baÅŸladÄ±."
GAME_ENDED,The game has ended for today. Thank you for playing!,"Il gioco Ã¨ terminato per oggi, grazie per aver giocato.","Oyun bugÃ¼nlÃ¼k bitti, oynadÄ±ÄŸÄ±nÄ±z iÃ§in teÅŸekkÃ¼rler. Yeni gÃ¼nÃ¼n oyunu yarÄ±n saat 9:00'da baÅŸlayacak."
THANKS_FOR_REVIEW,%s! You earned %d points.,%s! Hai guadagnato %d punti.,%s! %d puan kazandÄ±n.
WELCOME_MESSAGE_1,"Hello, my name is Dodo.","Ciao, sono Dodo.",Merhaba ben Dodo.
WELCOME_MESSAGE_2,"I'm trying to learn English, but I have trouble understanding idioms.",Sto cercando di imparare l'italiano ma ho difficoltÃ  a capire i modi di dire.,TÃ¼rkÃ§e Ã¶ÄŸrenmeye Ã§alÄ±ÅŸÄ±yorum ancak deyimleri anlamakta Ã§ok zorlanÄ±yorum.
WELCOME_MESSAGE_3,Can you help me?,Mi aiuti?,Bana yardÄ±m eder misin?
WELCOME_MESSAGE_4,Wonder how?,Ti chiedi come puoi aiutarmi?,NasÄ±l mÄ±?
WELCOME_MESSAGE_5,I need plenty of idiom  and non-idiom examples.,Semplice! Dammi diversi esempi di modi di dire italiani e di frasi in cui le stesse espressioni non sono usate come modi di dire ma nei loro significati letterali.,Bana hem deyim olan hem de deyim olmayan bol bol Ã¶rnek lazÄ±m.
WELCOME_MESSAGE_6,"For example, in order to learn the idiom ""Give up""\nI need an idiom example such as ""Ok, I give up now."" \n and a non-idiom example such as ""Can you give that book up to me?"" ","Per esempio, per imparare il modo di dire ""prendere all'amo""\n ho bisogno di una frase come ""Sa come prendere all'amo il suo capo"" \n  e un di unâ€™altra in cui la stessa espressione non viene usata in modo  idiomatico. Ad esempio: ""Ha preso all'amo una bella trota"".",Mesela â€œayvayÄ± yemekâ€ deyimini Ã¶ÄŸrenmem iÃ§in\nâ€œÄ°ÅŸte ÅŸimdi ayvayÄ± yedik.â€ deyim Ã¶rneÄŸi\nâ€œAz Ã¶nce iki ayva yedim.â€ deyim olmayan Ã¶rnek
WELCOME_MESSAGE_7,"Now, click on <b><u>Today's Idiom</u></b> from the keyboard.","Ora, clicca su <b><u>Modo di dire del giorno</u></b> sulla tastiera.",Åimdi bugÃ¼nÃ¼n deyimini seÃ§mek iÃ§in klavyeden <b><u>GÃ¼nÃ¼n Deyimi</u></b>'ni seÃ§
WELCOME_MESSAGE_8,"If you can't see the keyboard, click on the rectangular shape as shown in the picture.",Se non vedi la tastiera clicca sulla forma rettangolare come nella figura.,EÄŸer klavyeyi gÃ¶remiyorsan resimde gÃ¶rÃ¼len iÃ§inde dÃ¶rt tane daire olan dikdÃ¶rtgene tÄ±kla.
TODAYS_MWE_HELP_MESSAGE_1,"Awesome, now that you know today's idiom, you can help me learn it by sending me some examples.","Benissimo, ora che conosci il modo di dire di oggi, mi puoi aiutare a impararlo suggerendo qualche esempio. ","Harika, gÃ¼nÃ¼n deyimini Ã¶ÄŸrendiÄŸine gÃ¶re artÄ±k Ã¶rnek gÃ¶ndererek Ã¶ÄŸrenmeme yardÄ±mcÄ± olabilirsin.."
TODAYS_MWE_HELP_MESSAGE_2,"To send an example, click <b><u>Submit</u></b> from the keyboard.","Per suggerire un esempio, clicca <b><u>Suggerisci</u></b> sulla tastiera.",Ã–rnek gÃ¶ndermek iÃ§in klavyeden <b><u>Ã–rnek GÃ¶nder</u></b>'e tÄ±kla..
SUBMISSION_HELP_MESSAGE_1,"In this section, you can submit an example for the idiom of the day. You'll start earning points when other players like your example.","In questa sezione, puoi suggerire un esempio per il modo di dire di oggi.",Bu kÄ±sÄ±mda gÃ¼nÃ¼n deyimi iÃ§in Ã¶rnek gÃ¶nderebilirsin. Daha sonra diÄŸer oyuncular senin Ã¶rneÄŸini beÄŸendiÄŸinde puan kazanacaksÄ±n.
REVIEW_HELP_MESSAGE_1,"In this section, you can review other players' submissions.","In questa sezione, puoi valutare i suggerimenti degli altri giocatori.",Bu kÄ±sÄ±mda diÄŸer oyuncularÄ±n gÃ¶nderdiÄŸi Ã¶rnekleri oylayabilirsin.
REVIEW_HELP_MESSAGE_2,Both you and the players you review will earn points.,Sia tu che il giocatore che valuti guadagnerete punti.,Hem sen hem de Ã¶rneklerini oyladÄ±ÄŸÄ±n kiÅŸiler puan kazanacak.
HINT_MESSAGE_1,"Pro tip! Examples where the words that make up the phrase are next to each other within a sentence, but do not form an idiom, now earn more points. Ex: Will you please <b><u>give up</u></b> that book to me?",Forza dai! Esempi in cui le parole che compongono il modo di dire sono vicine ma non vengono usate in senso idiomatico guadagnano ora piÃ¹ punti. Es.: Ha preso all'amo una bella trota.,Acele et! Deyimi oluÅŸturan sÃ¶zcÃ¼klerin cÃ¼mle iÃ§erisinde yanyana geldiÄŸi ancak deyim anlamÄ± oluÅŸturmadÄ±klarÄ± Ã¶rnekler ÅŸu anda daha Ã§ok puan kazandÄ±rÄ±yor. Ã–rn: â€œBugÃ¼n Ã¼Ã§ <b><u>ayva yedim</u></b>.
HINT_MESSAGE_2,Review others' submissions to earn more points.,Valuta i suggerimenti degli altri per guadagnare piÃ¹ punti.,Daha fazla puan kazanmak iÃ§in baÅŸkalarÄ±nÄ±n Ã¶rneklerini oylayabilirsin.
HINT_MESSAGE_3,Might some other words appear between the idiom's words?  \nExample: Will you <b><u>give</u></b> smoking <b><u>up</u></b>?\nI have very few examples like this.ğŸ˜¢  Help me out - you win more points with such examples.,Sai che talvolta ci possono essere altre parole tra le parole del modo di dire? \nEsempio: L'ha <b><u>preso</u></b> proprio <b><u>all'amo</u></b>il suo capo!\nHo pochi esempi di questo tipo.ğŸ˜¢ Dai forza! Puoi guadagnare piÃ¹ punti con questi esempi.,Deyimi oluÅŸturan sÃ¶zcÃ¼klerin arasÄ±na baÅŸka sÃ¶zcÃ¼kler de girebiliyormuÅŸ.\nÃ–rn: â€œÄ°yi mi olur yoksa <b><u>ayvayÄ±</u></b> mÄ± <b><u>yeriz</u></b> gÃ¶receÄŸizâ€.\nBÃ¶yle Ã¶rneÄŸim Ã§ok az ğŸ˜¢ Acele et. Åu anda bu tÃ¼r Ã¶rneklerle daha fazla puan kazanabilirsin.
ERROR_OCCURRED,"Drat, I had a hiccup. Can you give me a little while and try again?","C'Ã¨ stato un errore, prova di nuovo piÃ¹ tardi.","Bir hata oldu, lÃ¼tfen daha sonra tekrar dene."
NO_SUB_LEFT_TO_REVIEW,I'm out of submissions for you to review for now. Please come back later! Thank you for your reviews.,"Non ci sono altri suggerimenti da valutare per ora, prova dopo. Grazie per il tuo aiuto.","Åu anlÄ±k oylayabileceÄŸin baÅŸka bir Ã¶rnek kalmadÄ±, daha sonra tekrar oylamayÄ± deneyebilirsin. Ã–rnekleri oyladÄ±ÄŸÄ±n iÃ§in teÅŸekkÃ¼rler."
SCOREBOARD_EMPTY,Scoreboard is empty for now. You can get a head start by sending submissions.,La classifica ora Ã¨ vuota. Puoi iniziare subito a guadagnare punti inviando i tuoi suggerimenti.,BugÃ¼n sÄ±ralamalar henÃ¼z oluÅŸmamÄ±ÅŸ. Ã–rnek gÃ¶nderip oylayarak sÄ±ralamalarda Ã¶ne geÃ§ebilirsin.
SUBMISSION_CANCELLED,Submission cancelled.,Suggerimento cancellato.,GÃ¶nderi iptal edildi.
SUBMISSION_CONTAINS_ERROR,An error occured when I was trying to process your submission. Please enter a different one.,"Si Ã¨ verificato un errore durante il tentativo di elaborare il tuo suggerimento, proponine un altro.","GirdiÄŸin Ã¶rneÄŸi iÅŸlemeye Ã§alÄ±ÅŸÄ±rken bir hatayla karÅŸÄ±laÅŸtÄ±m, lÃ¼tfen baÅŸka bir Ã¶rnek gir."
ACHIEVEMENTS,Achievements,Obiettivi,BaÅŸarÄ±mlar
LEVEL_MESSAGE,<b>Your score:</b> %.2f\n<b>Your level:</b>%d (next: %d points),<b>Il tuo punteggio:</b> %.2f\n<b>Il tuo livello:</b>%d (dopo: %d punti),<b>Toplam Skorun:</b> %.2f\n<b>Seviyen:</b> %d (Bir sonraki: %d puanda)
FIRST_SUB_ACH_NAME,First submission!,Primo suggerimento!,Ä°lk GÃ¶nderi!
FIRST_SUB_ACH_DESC,Send the first submission of the day.,Invia il tuo primo suggerimento del giorno.,GÃ¼nÃ¼n ilk gÃ¶nderisini gÃ¶nder.
FIRST_SUB_ACH_CONGRATS_MSG,Congratulations! You've sent the first submission of the day and won the ğŸŒ… <b><u>First Submission!</u></b> achievement.,Congratulazioni! Hai inviato il primo suggerimento del giorno e hai raggiunto l'obiettivo ğŸŒ… <b> <u> Primo suggerimento! </u> </b>.,Tebrikler! GÃ¼nÃ¼n ilk gÃ¶nderisini gÃ¶nderdin ve ğŸŒ… <b><u>Ä°lk GÃ¶nderi</u></b> baÅŸarÄ±mÄ±nÄ± aÃ§tÄ±n.
EARLY_BIRD_ACH_NAME,Early Bird,Mattiniero,Erkenci KuÅŸ
EARLY_BIRD_ACH_DESC,Send a submission in the first half hour after the game started.,Invia un suggerimento nella prima mezz'ora dall'inizio del gioco.,Oyun baÅŸladÄ±ktan sonraki ilk yarÄ±m saat iÃ§erisinde bir Ã¶rnek gÃ¶nder.
EARLY_BIRD_ACH_CONGRATS_MSG,Congratulations! You've sent a submission in the first half hour and won the ğŸ¦ <b><u>Early Bird</u></b> achievement.,Congratulazioni! Hai inviato un suggerimento nella prima mezz'ora e hai raggiunto l'obiettivo ğŸ¦ <b><u>Mattiniero</u></b>.,Tebrikler! Oyunun ilk yarÄ±m saatinde Ã¶rnek gÃ¶nderdin ve ğŸ¦ <b><u>Erkenci KuÅŸ</u></b> baÅŸarÄ±mÄ±nÄ± aÃ§tÄ±n.
UNLOCKED_ACHIEVEMENTS,<b>Unlocked achievements</b>,<b>Obiettivi sbloccati</b>,<b>AÃ§Ä±lan baÅŸarÄ±mlar</b>
SUB_LVL_1_ACH_NAME,Just starting out,Appena iniziato,Daha yeni baÅŸlÄ±yorum
SUB_LVL_1_ACH_DESC,Send 5 submissions in a day.,Invia 5 suggerimenti al giorno.,Bir gÃ¼nde 5 gÃ¶nderi gÃ¶nder.
SUB_LVL_1_ACH_CONGRATS_MSG,Congratulations! You've sent your fifth submission and won the <b><u>Just starting out</u></b> achievement.,Congratulazioni! Hai inviato il tuo quinto suggerimento e hai raggiunto l'obiettivo  <b><u>Appena iniziato</u></b> .,Tebrikler! BeÅŸinci gÃ¶nderini gÃ¶nderdin ve ğŸ‡ <b><u>Daha yeni baÅŸlÄ±yorum</u></b> baÅŸarÄ±mÄ±nÄ± aÃ§tÄ±n.
LOCKED_ACHIEVEMENTS,<b>Locked achivements</b>,<b>Obiettivi bloccati</b>,<b>Kilitli baÅŸarÄ±mlar</b>
SUB_LVL_2_ACH_NAME,Author,Autore,Yazar
SUB_LVL_2_ACH_DESC,Send 10 submissions in a day.,Invia 10 suggerimenti al giorno.,Bir gÃ¼nde 10 gÃ¶nderi gÃ¶nder.
SUB_LVL_2_ACH_CONGRATS_MSG,Congratulations! You've sent your tenth submission and won the âœï¸<b><u>Author</u></b> achievement.,Congratulazioni! Hai inviato il tuo decimo suggerimento e hai raggiunto l'obiettivo  <b><u>Autore</u></b> .,Tebrikler! Onuncu gÃ¶nderini gÃ¶nderdin ve âœï¸<b><u>Yazar</u></b> baÅŸarÄ±mÄ±nÄ± aÃ§tÄ±n.
SUB_LVL_3_ACH_NAME,Master of Submissions,Campione di suggerimenti,GÃ¶nderi ÃœstadÄ±
SUB_LVL_3_ACH_DESC,Send 20 submissions in a day.,Invia 20 suggerimenti al giorno,Bir gÃ¼nde 20 gÃ¶nderi gÃ¶nder.
SUB_LVL_3_ACH_CONGRATS_MSG,Congratulations! You've sent your twentieth submission and won the ğŸ—¿ <b><u>Master of Submissions</u></b> achievement.,Congratulazioni! Hai inviato il tuo ventesimo suggerimento e ti Ã¨ stato attribuito l'obiettivo  <b><u>Campione dei suggerimenti</u></b> .,Tebrikler! Yirminci gÃ¶nderini gÃ¶nderdin ve ğŸ—¿ <b><u>GÃ¶nderi ÃœstadÄ±</u></b> baÅŸarÄ±mÄ±nÄ± aÃ§tÄ±n.
SUB_LVL_4_ACH_NAME,Idioms Dictionary,Dizionario dei modi di dire,Deyimler SÃ¶zlÃ¼ÄŸÃ¼
SUB_LVL_4_ACH_DESC,Send 40 submissions in a day.,Invia 40 suggerimenti al giorno,Bir gÃ¼nde 40 gÃ¶nderi gÃ¶nder.
SUB_LVL_4_ACH_CONGRATS_MSG,Congratulations! You've sent your fortieth submission and won the ğŸ“š <b><u>Idioms Dictionary</u></b> achievement.,Congratulazioni! Hai inviato il tuo quarantesimo suggerimento e ti Ã¨ stato attribuito l'obiettivo  <b><u>Dizionario dei modi di dire</u></b> .,Tebrikler! KÄ±rkÄ±ncÄ± gÃ¶nderini gÃ¶nderdin ve ğŸ“š <b><u>Deyimler SÃ¶zlÃ¼ÄŸÃ¼</u></b> baÅŸarÄ±mÄ±nÄ± aÃ§tÄ±n.
SUB_LVL_5_ACH_NAME,Human Corpus,Libro vivente,Ä°ki AyaklÄ± Derlem
SUB_LVL_5_ACH_DESC,Send 70 submissions in a day.,Invia 70 suggerimenti al giorno,Bir gÃ¼nde 70 gÃ¶nderi gÃ¶nder.
SUB_LVL_5_ACH_CONGRATS_MSG,Congratulations! You've sent your seventieth submission and won the ğŸ¦„ <b><u>Human Corpus</u></b> achievement.,Congratulazioni! Hai inviato il tuo settantesimo suggerimento e ti Ã¨ stato attribuito l'obiettivo  <b><u>Libro vivente</u></b> .,Tebrikler! YetmiÅŸinci gÃ¶nderini gÃ¶nderdin ve ğŸ¦„ <b><u>Ä°ki AyaklÄ± Derlem</u></b> baÅŸarÄ±mÄ±nÄ± aÃ§tÄ±n.
REVIEW_LVL_1_ACH_NAME,Helpful,Collaborativo,YardÄ±msever
REVIEW_LVL_1_ACH_DESC,Review 10 submissions in a day.,Valuta 10 suggerimenti in un giorno.,Bir gÃ¼nde 10 gÃ¶nderiyi oyla.
REVIEW_LVL_1_ACH_CONGRATS_MSG,Congratulations! You've rated ten submissions and earned the ğŸ¤ <b><u>Helpful</u></b> achievement.,Congratulazioni! Hai valutato 10  suggerimenti e ti Ã¨ stato attribuito l'obiettivo  <b><u>Collaborativo</u></b> .,Tebrikler! On gÃ¶nderiyi oyladÄ±n ve ğŸ¤ <b><u>YardÄ±msever</u></b> baÅŸarÄ±mÄ±nÄ± aÃ§tÄ±n.
REVIEW_LVL_2_ACH_NAME,Voter,Cavallo di razza,SeÃ§men
REVIEW_LVL_2_ACH_DESC,Review 20 submissions in a day.,Valuta 20 suggerimenti in un giorno.,Bir gÃ¼nde 20 gÃ¶nderiyi oyla.
REVIEW_LVL_2_ACH_CONGRATS_MSG,Congratulations! You've rated twenty submissions and earned the <b><u>Voter</u></b> achievement.,Congratulazioni! Hai valutato 20  suggerimenti e ti Ã¨ stato attribuito l'obiettivo  <b><u>Cavallo di razza</u></b> .,Tebrikler! Yirmi gÃ¶nderiyi oyladÄ±n ve ğŸ—³ï¸ <b><u>SeÃ§men</u></b> baÅŸarÄ±mÄ±nÄ± aÃ§tÄ±n.
REVIEW_LVL_3_ACH_NAME,Critique,Critico,Kritik
REVIEW_LVL_3_ACH_DESC,Review 40 submissions in a day.,Valuta 40 suggerimenti in un giorno.,Bir gÃ¼nde 40 gÃ¶nderiyi oyla.
REVIEW_LVL_3_ACH_CONGRATS_MSG,Congratulations! You've rated forty submissions and earned the âœ¨ <b><u>Critique</u></b> achievement.,Congratulazioni! Hai valutato 40 suggerimenti e ti Ã¨ stato attribuito l'obiettivo  <b><u>Critico</u></b> .,Tebrikler! KÄ±rk gÃ¶nderiyi oyladÄ±n ve âœ¨ <b><u>Kritik</u></b> baÅŸarÄ±mÄ±nÄ± aÃ§tÄ±n.
REVIEW_LVL_4_ACH_NAME,Gourmet,Intenditore,Gurme
REVIEW_LVL_4_ACH_DESC,Review 80 submissions in a day.,Valuta 80 suggerimenti in un giorno.,Bir gÃ¼nde 80 gÃ¶nderiyi oyla.
REVIEW_LVL_4_ACH_CONGRATS_MSG,Congratulations! You've rated eighty submissions and earned the ğŸ§‘â€ğŸ³ <b><u>Gourmet</u></b> achievement.,Congratulazioni! Hai valutato 80 suggerimenti e ti Ã¨ stato attribuito l'obiettivo  <b><u>Intenditore</u></b> .,Tebrikler! Seksen gÃ¶nderiyi oyladÄ±n ve ğŸ§‘â€ğŸ³ <b><u>Gurme</u></b> baÅŸarÄ±mÄ±nÄ± aÃ§tÄ±n.
REVIEW_LVL_5_ACH_NAME,Reviewer,Revisore,EleÅŸtirmen
REVIEW_LVL_5_ACH_DESC,Review 160 submissions in a day.,Valuta 160 suggerimenti in un giorno.,Bir gÃ¼nde 160 gÃ¶nderiyi oyla.
REVIEW_LVL_5_ACH_CONGRATS_MSG,Congratulations! You've rated one hundred and sixty submissions and earned the ğŸ•¶ï¸ <b><u>Reviewer</u></b> achievement.,Congratulazioni! Hai valutato 160 suggerimenti e ti Ã¨ stato attribuito l'obiettivo  <b><u>Revisore</u></b> .,Tebrikler! YÃ¼z altmÄ±ÅŸ gÃ¶nderiyi oyladÄ±n ve ğŸ•¶ï¸ <b><u>EleÅŸtirmen</u></b> baÅŸarÄ±mÄ±nÄ± aÃ§tÄ±n.
USER_DAILY_PLAY_DETAILS_MESSAGE,Your submission count today: <b><u>%d</u></b>\nYour review count today: <b><u>%d</u></b>,Numero di tuoi suggerimenti di oggi: <b><u>%d</u></b>\nNumero di tue revisioni di oggi: <b><u>%d</u></b>,BugÃ¼nkÃ¼ gÃ¶nderi sayÄ±nÄ±z: <b><u>%d</u></b>\nBugÃ¼nkÃ¼ inceleme sayÄ±nÄ±z: <b><u>%d</u></b>
BECOME_NUMBER_ONE_ACH_NAME,Leader,Leader,Lider
BECOME_NUMBER_ONE_ACH_DESC,Be at the top of the scoreboard.,Sali in cima alla classifica,SÄ±ralamalarda birinci ol.
BECOME_NUMBER_ONE_ACH_CONGRATS_MSG,Congratulations! You've risen to the top of the rankings and been awarded with the ğŸ¥‡ <b><u>Leader</u></b> achievement.,Congratulazioni! Sei salito in cima alla classifica e ti Ã¨ stato attribuito l'obiettivo  <b><u>Leader</u></b> .,Tebrikler! SÄ±ralamalarda birinci sÄ±raya yerleÅŸtin ve ğŸ¥‡ <b><u>Lider</u></b> baÅŸarÄ±mÄ±nÄ± aÃ§tÄ±n.
CHAMPION_ACH_NAME,Champion!,Campione  ,Åampiyon!
CHAMPION_ACH_DESC,Finish the day as the leader.,Concludi il giorno da leader,GÃ¼nÃ¼ birinci bitir.
CHAMPION_ACH_CONGRATS_MSG,Congratulations! You've finished the day as the leader and been awarded with the ğŸ–ï¸ <b><u>Champion!</u></b> achievement.,Congratulazioni! Hai concluso il tuo giorno da leader e ti Ã¨ stato attribuito l'obiettivo  <b><u>Campione</u></b> .,Tebrikler! GÃ¼nÃ¼ birinci bitirdin ve ğŸ–ï¸ <b><u>Åampiyon!</u></b> baÅŸarÄ±mÄ±nÄ± aÃ§tÄ±n.
LOST_FIRST_FIVE,"ğŸ˜° Whoops! You've been bumped out of the leaderboard. No worries, you can increase your ranking by submitting new examples and rating others.","ğŸ˜° Ops! Sei uscito dalla classifica. Non ti preoccupare, puoi scalare la classifica inviando nuovi esempi e valutando gli altri esempi.","ğŸ˜° TÃ¼h, sÄ±ralamalarda ilk beÅŸten dÃ¼ÅŸtÃ¼n. EndiÅŸelenme! Hemen geri dÃ¶nÃ¼p oynamaya devam et!"
YOUVE_BECOME_LEADER,ğŸ¥³ Congratulations! You reached the first place on the leaderboard.,ğŸ¥³ Congratulazioni! Sei in cima alla classifica.,ğŸ¥³ Tebrikler! SÄ±ralamalarda ilk sÄ±raya yerleÅŸtin.
POS_SEP_WORTH_MORE,"Psst! For a limited time, the idiom examples where the idiom's words are not adjacent to each other earn 15 points instead of 10 points. (Ex: I <b><u>gave</u></b> <i>everything</i> <b><u>up</u></b> for you.).","Sbrigati, per un tempo limitato gli esempi dove le parole del modo di dire non sono vicine  valgono 15 punti, invece di 10. (Ex: Ha<b><u>preso</u></b> <i>il suo capo proprio</i> <b><u>all'amo</u></b> .).","Selam, kÄ±sa bir sÃ¼reliÄŸine deyim olan ama kelimeleri ayrÄ± olan Ã¶rnekler (Ã–rneÄŸin: BugÃ¼n de <b><u>ayvayÄ±</u></b> <i>ben</i> <b><u>yedim</u></b>.) 10 puan yerine 15 puan kazandÄ±rÄ±yor."
POS_TOG_WORTH_MORE,"Psst! For a limited time idiomatic examples are worth 15 points, instead of 10.","Sbrigati, per un tempo limitato gli esempi idiomatici valgono 15 punti, invece di 10.","Acele et, kÄ±sa bir sÃ¼reliÄŸine deyim olan Ã¶rnekler 10 puan yerine 15 puan kazandÄ±rÄ±yor."
NEG_TOG_WORTH_MORE,"Psst! For a limited time, non-idiom examples (such as: Will you please <b><u>give up</u></b> that book to me?) are worth 15 points, instead of 10.","Sbrigati, per un tempo limitato, esempi non idiomatici (es: ""Ha <b><u>preso all'amo</u></b> una bella trota"" ) valgono 15 punti, invece di 10.","Acele et, kÄ±sa bir sÃ¼reliÄŸine deyim olmayan Ã¶rnekler 10 puan yerine 15 puan kazandÄ±rÄ±yor."
REPORT_SUBMISSION,â— Report submission,â—Segnala un suggerimento,â— Ã–rneÄŸi ÅŸikayet et
REPORT_SUBMISSION_REPLY,Thanks for keeping Dodiom a better place by reporting bad submissions.,Grazie per rendere Dodiom un posto migliore segnalando suggerimenti inappropriati.,KÃ¶tÃ¼ Ã¶rnekleri ÅŸikayet ederek Dodiom'u daha iyi bir yer haline getirdiÄŸin iÃ§in teÅŸekkÃ¼r ederiz.
USER_IS_BANNED_MESSAGE,"Unfortunately, your account has been banned from participating.","Ci dispiace, il tuo account Ã¨ stato sospeso.",ÃœzÃ¼lerek belirtirim ki senin hesabÄ±n oynamaktan men edilmiÅŸ.
LOST_FIRST_THREE,ğŸ˜° Bad news. You've lost your place in the Top 3. Keep playing and regain your ranking!,ğŸ˜° Cattive notizie. Hai perso la tua posizione tra i primi 3. Continua a giocare e riconquista la tua posizione.,ğŸ˜° Ã‡ok Ã¼zÃ¼cÃ¼. Ä°lk Ã¼Ã§teki yerini kaybettin. Oynamaya devam et! Yerini geri kazan!
REVIEW_WORTH_MORE,Lucky minutes! Review scores has been doubled for a limited time.,"Minuti fortunati, il punteggio per le valutazioni Ã¨ stato raddoppiato per un periodo di tempo limitato.",ÅanslÄ± Dakikalar! KÄ±sa sÃ¼reliÄŸine oylama yapmak 2 kat puan kazandÄ±rÄ±yor.
LOST_FIRST,Someone grabbed first place from you. Keep playing to get it back!,"Qualcuno ti ha soffiato il primo posto, sbrigati a riconquistarlo.",BaÅŸka biri birinciliÄŸi elinden aldÄ±. Acil mÃ¼dahale etmelisin!
HINT_MESSAGE_4,Idiom examples are worth more points now. Keep on submitting examples.,Ora gli esempi di modi di dire valgono piÃ¹ punti. Continua a inviare suggerimenti.,Deyim olan Ã¶rnekler ÅŸu anda daha Ã§ok puan kazandÄ±rÄ±yor. Ã–rnek girmeye devam et!
ASKFORHELP,Dodo needs %d more examples to learn today's idiom. Could you please help?,Dodo ha bisogno di altri %d esempi per imparare il modo di dire di oggi. Puoi aiutarlo?,Dodonun bugÃ¼nkÃ¼ deyimi Ã¶ÄŸrenebilmesi iÃ§in halen %d tane Ã¶rneÄŸe ihtiyacÄ± var. LÃ¼tfen yardÄ±m eder misin?
TODAYS_TARGET,Dodo needs %d more examples to learn today's idiom.,Dodo ha bisogno di altri %d esempi per imparare il modo di dire di oggi.,Dodonun bugÃ¼nkÃ¼ deyimi Ã¶ÄŸrenebilmesi iÃ§in halen %d tane Ã¶rneÄŸe ihtiyacÄ± var. 
TWITTER_TIP,"Pro tip! Search Twitter with today's idiom to find examples from the real world. Make sure to edit away bad spelling, #hashtags, and the like.",Suggerimento: Cerca su Twitter il modo di dire di oggi per trovare degli esempi d'uso reali. Assicurati di usare l'ortografia corretta e di evitare #hashtag o simili.,
GAME_TEMPORARILY_STOPPED,"Thank you for your interest, Dodo took a break from learning for now and will come back with surprises, stay tuned.","Grazie per il tuo interesse, Dodo si Ã¨ preso una pausa ma tornerÃ  presto con delle sorprese. Rimanete sintonizzati!","Oyuna ilgin iÃ§in teÅŸekkÃ¼rler. Dodo ÅŸimdilik Ã¶ÄŸrenmeye ara verdi ama sÃ¼rprizlerle geri dÃ¶necek, beklemede kal."
DISCLAIMER,Dodiom is a developed for research purposes. In using this bot you accept that the data you add can be used to develop linguistic models. No personal data will be used or forwarded to third parties.,Dodiom Ã¨ un sistema sviluppato a scopo di ricerca scientifica. Nell'utilizzare questo bot accetti che i dati che inserisci potranno essere usati per sviluppare modelli linguistici. Nessun dato personale verrÃ  utilizzato o inviato a terze parti. ,Dodiom akademik amaÃ§la tasarlanmÄ±ÅŸtÄ±r. Bu botu kullanarak eklediÄŸiniz verinin dil modelleri iÃ§in kullanÄ±lmasÄ±nÄ± kabul etmiÅŸ sayÄ±lÄ±rsÄ±nÄ±z. KiÅŸisel veriler kullanÄ±lmamakta ve Ã¼Ã§Ã¼ncÃ¼ ÅŸahÄ±slarla paylaÅŸÄ±lmamaktadÄ±r.